height,latitude,longitude,img
412.3900146484375, 36.644309997558594, 67.6478271484375,
435.3116455078125, -13.421015739440918, -73.03076171875,
434.8031005859375, -13.513425827026367, -73.22486114501953,
430.951904296875, 57.00458526611328, -123.8779296875,
445.33349609375, -6.2346391677856445, -78.19672393798828,
640.4718627929688, 81.46575927734375, -54.14748001098633,
557.1220703125, 81.44412231445312, -54.47605895996094,
547.765380859375, 81.51935577392578, -54.492950439453125,
451.689453125, 32.51089859008789, 76.9473876953125,
606.529296875, 66.27598571777344, -52.81819152832031,
565.4073486328125, 66.05772399902344, -52.26284408569336,
528.2144165039062, 66.11807250976562, -52.96741485595703,
430.1632080078125, 66.21147918701172, -52.78435516357422,
539.0413208007812, 4.481007099151611, -65.68689727783203,
512.1146240234375, 4.635552406311035, -65.54049682617188,
433.3116455078125, 4.34309196472168, -65.70257568359375,
1205.7867431640625, -9.771638870239258, -75.81563568115234,
511.4580078125, 52.667076110839844, -118.12651824951172,
402.633056640625, 52.99690246582031, -118.24539947509766,
525.2939453125, 35.83055114746094, 72.93364715576172,
416.609130859375, 35.51731491088867, 72.71837615966797,
413.60498046875, 35.7338752746582, 72.30154418945312,
959.21044921875, 28.532800674438477, 93.61543273925781,
919.83154296875, 28.079307556152344, 93.1134033203125,
520.998046875, 47.008121490478516, 8.98093032836914,
466.671142578125, 28.29967498779297, 93.97222137451172,
434.83203125, 70.43016815185547, -29.12047576904297,
432.881103515625, 70.61569213867188, -29.486648559570312,
818.866455078125, 60.290855407714844, -138.94512939453125,
402.40771484375, 55.523048400878906, 113.0030746459961,
720.4713134765625, 62.64168930053711, 8.549041748046875,
710.705810546875, 62.49725341796875, 8.184428215026855,
718.94189453125, -65.75518035888672, -64.23175811767578,
404.21453857421875, -65.72756958007812, -64.174072265625,
1402.042236328125, -50.32777404785156, -73.43905639648438,
1277.7877197265625, -50.99864196777344, -73.0937728881836,
1068.0904541015625, -50.942115783691406, -73.01689147949219,
715.4816284179688, 63.6307258605957, -50.58321762084961,
626.7095336914062, 63.62548065185547, -50.50579833984375,
411.652587890625, 63.5784912109375, -50.512718200683594,
502.2862548828125, -71.7630615234375, 9.009130477905273,
408.827392578125, -71.93695068359375, 9.224861145019531,
989.1721801757812, -66.83247375488281, -64.8646011352539,
936.2709350585938, -66.09724426269531, -64.56658935546875,
906.335205078125, -66.75443267822266, -64.4761734008789,
404.1568603515625, 64.7426528930664, -132.78810119628906,
401.5158996582031, 72.71382904052734, -56.0748291015625,
1140.1588134765625, 69.58349609375, -69.04159545898438,
932.0511474609375, 69.71981048583984, -69.59137725830078,
721.5960083007812, 69.84248352050781, -69.3929214477539,
563.4148559570312, 69.80594635009766, -69.60226440429688,
1352.62158203125, 27.965368270874023, 86.96390533447266,
723.6982421875, 27.97576141357422, 86.87678527832031,
715.23583984375, 27.876012802124023, 86.9592056274414,
400.6533203125, 6.096127510070801, -66.81181335449219,
418.7109375, 28.841461181640625, 82.53388977050781,
1520.673095703125, 41.807777404785156, 79.92497253417969,
448.65692138671875, -14.684064865112305, 38.31737518310547,
556.734619140625, 62.25700378417969, -7.234088897705078,
509.3966369628906, 62.29847717285156, -7.218276023864746,
442.71490478515625, 62.14751434326172, -7.296230316162109,
743.5760498046875, 5.3843994140625, -62.23694610595703,
724.5780029296875, 5.188741207122803, -62.32706832885742,
702.9246826171875, 5.3194146156311035, -62.281166076660156,
606.700439453125, 5.887248992919922, -62.12138366699219,
526.445556640625, 13.391255378723145, 38.532554626464844,
511.006103515625, 13.319319725036621, 38.48492431640625,
438.349365234375, 31.541574478149414, 108.75740051269531,
536.271728515625, 10.786866188049316, -73.5973129272461,
937.029296875, -54.43842315673828, -36.54800796508789,
606.7938842773438, -54.276756286621094, -36.85762023925781,
422.78955078125, 38.522579193115234, 73.37187194824219,
435.71356201171875, 28.280128479003906, 105.87688446044922,
402.364501953125, -17.317106246948242, -65.43878936767578,
720.9661865234375, 6.249528408050537, -62.69355010986328,
528.43896484375, 54.6011848449707, -129.58148193359375,
425.02679443359375, 54.069297790527344, -129.32919311523438,
404.1046142578125, -5.310037612915039, 151.79736328125,
704.6455078125, 37.65180969238281, 76.03317260742188,
425.4476318359375, 17.811689376831055, 104.68785095214844,
643.34765625, 37.68635177612305, 76.007568359375,
415.16748046875, 69.09820556640625, -26.97301483154297,
406.6434326171875, 69.95722961425781, -26.969871520996094,
633.2919921875, 37.44751739501953, 76.0829086303711,
506.66650390625, 37.305259704589844, 76.7314453125,
1390.0699462890625, -68.82696533203125, -90.60798645019531,
419.037353515625, -15.085567474365234, -68.68185424804688,
405.3377685546875, 80.56047058105469, -66.65496063232422,
1277.0189208984375, 3.33636474609375, -65.55422973632812,
1067.0682373046875, 3.5894439220428467, -65.76741790771484,
727.1085205078125, 3.6665172576904297, -65.41077423095703,
642.1873779296875, 68.44808197021484, -32.16108322143555,
834.65771484375, 28.323163986206055, 98.74755096435547,
1207.5174560546875, -65.44952392578125, -63.74465560913086,
1155.478271484375, -65.47193145751953, -63.53593063354492,
1010.887451171875, -65.19204711914062, -63.127262115478516,
824.7345581054688, -65.11238098144531, -63.96125793457031,
409.217041015625, 74.06786346435547, -25.104755401611328,
630.681640625, 69.9294204711914, -28.210416793823242,
614.50146484375, 69.92682647705078, -28.95785903930664,
607.98681640625, 69.99918365478516, -28.36835479736328,
528.09912109375, 69.892822265625, -28.581756591796875,
502.2144470214844, 69.93280792236328, -28.103836059570312,
501.53240966796875, 53.87931823730469, -129.86692810058594,
406.9730224609375, 53.97964096069336, -129.2649688720703,
536.990234375, -68.78099060058594, -64.7229232788086,
725.556640625, 28.173168182373047, 90.16372680664062,
710.9384765625, 28.14933967590332, 90.0730972290039,
418.244140625, 28.060626983642578, 90.50048065185547,
529.0126953125, 35.9622688293457, 73.08897399902344,
468.066162109375, 35.32661819458008, 73.08042907714844,
424.83203125, 35.439144134521484, 73.41387176513672,
407.4161376953125, 7.891047954559326, -71.48031616210938,
441.36285400390625, 79.3973617553711, -78.20721435546875,
428.4991455078125, 69.54049682617188, -25.336238861083984,
422.027587890625, -5.506781101226807, -78.26118469238281,
407.8807373046875, -5.752642631530762, -78.15302276611328,
538.1695556640625, 72.00755310058594, -28.498920440673828,
419.1529235839844, 82.2043685913086, -39.865962982177734,
643.755615234375, 58.99272918701172, -137.45985412597656,
532.218994140625, 58.95513916015625, -137.39462280273438,
508.654052734375, 58.84930419921875, -137.36651611328125,
606.09716796875, -73.83045959472656, 165.2984161376953,
606.0113525390625, -73.8852310180664, 165.2642364501953,
1509.01220703125, 27.763681411743164, 97.11930847167969,
906.0126953125, 27.736228942871094, 97.1539535522461,
459.93896484375, -0.15871526300907135, -78.62815856933594,
418.4781494140625, -6.952175617218018, -77.40524291992188,
450.935791015625, 25.550521850585938, -106.79467010498047,
720.06494140625, 75.14359283447266, -22.814865112304688,
700.025634765625, 75.15057373046875, -22.6910343170166,
409.6832275390625, 26.887733459472656, 105.62725830078125,
508.7321472167969, 30.95711326599121, 110.77290344238281,
411.1895751953125, 30.121932983398438, 110.26487731933594,
409.532470703125, 30.40241241455078, 110.5883560180664,
407.68524169921875, 30.33987808227539, 110.57948303222656,
710.2018432617188, 81.80946350097656, -51.05313491821289,
421.59210205078125, 81.63894653320312, -51.01446533203125,
401.6776123046875, -75.30262756347656, -110.7468032836914,
402.066650390625, 67.75228881835938, -34.03126907348633,
400.9638671875, 67.42015838623047, -34.2747688293457,
440.14080810546875, 73.81193542480469, -56.289573669433594,
429.3622131347656, 73.78395080566406, -56.72994613647461,
632.6500854492188, -1.0178780555725098, 110.32293701171875,
635.5717163085938, 62.1578369140625, 6.7310075759887695,
546.6064453125, 0.32191890478134155, 127.40814208984375,
631.6339111328125, 62.169883728027344, 6.613816261291504,
541.6339721679688, 70.50753784179688, -53.3528938293457,
514.4439086914062, 80.89196014404297, -60.530731201171875,
624.3203125, 30.85330581665039, 93.92007446289062,
752.8074951171875, 65.96775817871094, -52.377845764160156,
540.6142578125, 30.094074249267578, 93.93858337402344,
640.646484375, 65.90038299560547, -52.13856506347656,
459.74346923828125, 65.76170349121094, -52.552215576171875,
416.857421875, 30.896516799926758, 93.79519653320312,
427.600341796875, 65.81171417236328, -52.57761764526367,
847.74560546875, 35.58143997192383, 74.539306640625,
702.369140625, 35.21815490722656, 74.54711151123047,
511.61962890625, 35.662933349609375, 74.96524047851562,
621.6226806640625, 62.36322784423828, -6.690535545349121,
410.9404296875, -84.70474243164062, 175.00424194335938,
526.3331298828125, -45.33256530761719, 166.94793701171875,
511.7579345703125, -45.421287536621094, 166.97305297851562,
909.94140625, 70.96324920654297, -25.80340003967285,
700.853515625, 70.96650695800781, -25.964223861694336,
432.587158203125, 44.75892639160156, 5.899620056152344,
406.4377746582031, -48.78825378417969, 68.90839385986328,
415.18603515625, 44.630821228027344, 5.890404224395752,
636.4962768554688, 77.33389282226562, -66.65379333496094,
412.7567138671875, 60.53636169433594, -142.99688720703125,
405.4036865234375, 0.464231938123703, -65.53499603271484,
946.040283203125, 71.99009704589844, -25.294269561767578,
759.3651733398438, 71.02263641357422, -25.925546646118164,
664.3375244140625, 71.90035247802734, -25.860746383666992,
616.620849609375, 71.99790954589844, -25.45981788635254,
401.673828125, 34.80479431152344, 77.8335189819336,
527.91015625, 68.29832458496094, -33.2900276184082,
401.0810546875, 34.067203521728516, 77.01282501220703,
506.8406982421875, 68.30387878417969, -33.15462112426758,
458.8941650390625, 68.47636413574219, -33.36653137207031,
415.4822998046875, 33.77853012084961, 104.34716796875,
629.3413696289062, 31.21616554260254, 110.39175415039062,
1078.78564453125, 29.159088134765625, 96.48538208007812,
942.98388671875, 29.789546966552734, 96.04623413085938,
916.0966796875, 29.777420043945312, 96.14141845703125,
740.409912109375, -3.543835163116455, 136.7925567626953,
611.9541015625, -3.9824886322021484, 136.69175720214844,
747.06201171875, 82.17536163330078, -43.996826171875,
746.784423828125, 46.56196212768555, 7.90183687210083,
453.98828125, 46.477081298828125, 7.699613571166992,
509.71356201171875, -51.99959182739258, -74.76375579833984,
414.392578125, -33.290042877197266, -69.94471740722656,
412.15380859375, -33.97550964355469, -69.87928009033203,
529.4599609375, -13.414190292358398, -72.89088439941406,
404.3994140625, -13.416029930114746, -72.83208465576172,
729.1427612304688, 77.02535247802734, 15.869462013244629,
412.6822509765625, -74.59436798095703, -11.019744873046875,
727.9424438476562, 73.41207885742188, -24.960857391357422,
645.4136962890625, 73.50066375732422, -24.764705657958984,
727.395263671875, 60.55348587036133, -140.326171875,
708.54296875, 60.587127685546875, -140.6566162109375,
603.49072265625, 60.54417419433594, -140.389404296875,
751.48583984375, -67.72557067871094, -68.60486602783203,
423.326904296875, 31.8907470703125, -104.86294555664062,
436.207275390625, -72.02561950683594, 3.1827995777130127,
835.4928588867188, 66.4102554321289, -64.83427429199219,
451.1297607421875, 66.70439147949219, -64.73506927490234,
430.58984375, 54.971683502197266, -128.16885375976562,
439.73876953125, 66.65487670898438, 13.431124687194824,
1046.8427734375, 27.851303100585938, 89.30149841308594,
607.93408203125, 27.801677703857422, 89.55863952636719,
918.9817504882812, -66.31525421142578, 162.3695526123047,
606.3758544921875, 67.068603515625, -64.07127380371094,
554.184814453125, 67.14816284179688, -64.87626647949219,
840.009521484375, 46.81656265258789, 8.964542388916016,
506.510986328125, 46.8121337890625, 8.748601913452148,
935.137939453125, -4.887513637542725, 140.41799926757812,
452.268310546875, 46.85979080200195, 8.508481979370117,
624.78955078125, -4.9268622398376465, 140.4334259033203,
536.866455078125, -4.722393035888672, 140.226806640625,
445.97900390625, 35.85326385498047, 80.40005493164062,
464.94732666015625, 65.95680236816406, -53.2071533203125,
510.6683349609375, -73.15715789794922, 164.2837677001953,
808.1226806640625, 71.51116943359375, -28.227689743041992,
513.6591186523438, 61.15420150756836, -45.003379821777344,
1244.6318359375, 39.57296371459961, 70.06914520263672,
629.890869140625, 39.60475158691406, 70.26887512207031,
830.76611328125, 71.35443115234375, -53.08383560180664,
401.85888671875, 39.59029006958008, 70.11973571777344,
411.865966796875, 39.13017272949219, 67.73721313476562,
618.00341796875, 70.20164489746094, -24.194751739501953,
491.517333984375, 70.11898040771484, -24.916231155395508,
438.57513427734375, 70.29096221923828, -24.724868774414062,
915.8353271484375, 68.82608032226562, -29.948387145996094,
414.3339538574219, 70.22962188720703, 20.207294464111328,
413.9051513671875, 81.70210266113281, -52.615150451660156,
644.7587890625, 31.15363121032715, 103.16233825683594,
525.025390625, 31.135494232177734, 103.21858978271484,
712.73974609375, -72.04883575439453, 26.012147903442383,
417.322265625, 69.85553741455078, -29.255157470703125,
401.4583740234375, 69.87163543701172, -29.13987159729004,
647.7392578125, 15.678857803344727, 52.209312438964844,
642.7616577148438, -66.18258666992188, -63.6814079284668,
501.7270812988281, -66.37543487548828, -63.89750671386719,
407.503662109375, -65.10821533203125, -62.86366271972656,
446.044189453125, 30.82961654663086, 101.7955322265625,
634.0401611328125, 72.07722473144531, -52.6064567565918,
1116.14990234375, 28.243825912475586, 96.42108917236328,
946.031005859375, 28.245773315429688, 96.08860778808594,
732.21875, 28.411727905273438, 96.07787322998047,
687.17041015625, 28.541975021362305, 96.77191162109375,
673.2364501953125, 28.229536056518555, 96.9864273071289,
605.732421875, 28.309083938598633, 96.45510864257812,
733.5043334960938, 30.366409301757812, 109.27171325683594,
525.32373046875, 30.393613815307617, 109.23298645019531,
1102.06640625, 29.273681640625, 102.96900177001953,
906.9961547851562, 29.290836334228516, 102.99600219726562,
509.3106689453125, -3.573965311050415, 137.9647216796875,
713.59033203125, 36.00263977050781, 76.76626586914062,
414.57763671875, 36.22542190551758, 76.49928283691406,
422.197509765625, 23.16164207458496, 56.99311065673828,
922.3764038085938, -64.61682891845703, -63.37281036376953,
854.5216064453125, -64.61188507080078, -63.021339416503906,
780.4328002929688, -64.55813598632812, -63.34910202026367,
1446.0986328125, 29.620773315429688, 95.03682708740234,
1310.29443359375, 29.751375198364258, 95.78987121582031,
951.2818603515625, -4.580322265625, 139.74221801757812,
818.2139892578125, -4.347537517547607, 139.0515899658203,
751.2301635742188, -4.773538112640381, 139.88023376464844,
540.1126708984375, -4.451539993286133, 139.519287109375,
548.2100830078125, 74.2968978881836, -22.442035675048828,
518.35888671875, -4.483985900878906, 139.59878540039062,
912.5048828125, 7.429039478302002, -72.28788757324219,
601.8851318359375, 71.08428955078125, -71.46023559570312,
442.8580322265625, 71.250244140625, -71.93022155761719,
927.8279418945312, 70.93341827392578, -26.246679306030273,
828.7359008789062, 70.06470489501953, -26.98389434814453,
717.8006591796875, 70.95292663574219, -26.002851486206055,
414.549560546875, 45.361480712890625, 6.7187299728393555,
420.353271484375, 27.638545989990234, 35.74343490600586,
525.12744140625, 76.41680908203125, -63.155033111572266,
450.0413818359375, 76.11609649658203, -63.7752685546875,
449.441650390625, 76.43490600585938, -63.524993896484375,
603.924560546875, -3.9235854148864746, 139.17581176757812,
419.543212890625, -3.981614828109741, 139.22109985351562,
1217.572021484375, 62.48210525512695, 7.733747482299805,
636.9434204101562, 35.548824310302734, 113.53904724121094,
445.4005126953125, 35.6328125, 113.57533264160156,
549.4266357421875, 72.0762939453125, -24.748376846313477,
442.2362060546875, 72.18080139160156, -24.938241958618164,
712.6619262695312, -69.50093078613281, -66.97982025146484,
649.744384765625, 46.613868713378906, 11.77145004272461,
549.4154052734375, 46.268497467041016, 11.909585952758789,
1901.205078125, 35.930809020996094, 75.82405853271484,
1127.17529296875, 35.946380615234375, 75.76123046875,
1011.1513671875, 35.94174575805664, 75.5313720703125,
824.74951171875, 35.97795867919922, 75.55428314208984,
512.281494140625, -15.355036735534668, 37.058250427246094,
410.53515625, 6.128386974334717, -61.74562454223633,
524.5263671875, 23.161657333374023, 57.009521484375,
542.9722290039062, -49.327430725097656, -75.00297546386719,
524.544921875, -49.36918640136719, -75.12667846679688,
473.48468017578125, -49.45530319213867, -75.07859802246094,
622.187744140625, 58.699546813964844, -133.40402221679688,
541.1923217773438, 58.816898345947266, -133.89056396484375,
521.1334228515625, 58.341468811035156, -133.8329620361328,
641.410888671875, 30.541160583496094, 102.341796875,
603.868896484375, 30.555768966674805, 102.24169921875,
608.148681640625, 68.8426284790039, -30.244422912597656,
603.493896484375, 68.1265869140625, -30.288145065307617,
562.246337890625, 68.96696472167969, -30.809814453125,
643.56689453125, 27.87337875366211, 101.3751220703125,
428.41259765625, 68.12306213378906, -30.36441993713379,
438.496337890625, 27.204509735107422, 101.61383056640625,
959.5895385742188, 62.95180892944336, -42.67506408691406,
707.0311279296875, 62.7792854309082, -42.785614013671875,
667.71337890625, 62.86648941040039, -42.83320617675781,
608.0722045898438, 62.833740234375, -42.8598747253418,
431.377197265625, 32.482704162597656, 103.89159393310547,
421.5028076171875, -22.3814754486084, -42.78264617919922,
509.8428649902344, 60.41678237915039, -45.02718734741211,
502.7735595703125, 60.65257263183594, -45.013465881347656,
410.03131103515625, 60.29313278198242, -45.22683334350586,
517.425537109375, 31.767057418823242, -6.068335056304932,
926.281005859375, -5.915642738342285, -77.55722045898438,
407.6429443359375, 43.466552734375, 40.501712799072266,
617.899658203125, -5.967449188232422, -77.53402709960938,
423.73504638671875, 28.040756225585938, 104.1054458618164,
508.3854675292969, 68.15705108642578, -67.57318878173828,
429.9239501953125, 68.09603881835938, -67.44915771484375,
640.7745971679688, -10.525236129760742, -138.68426513671875,
434.2560729980469, -10.437963485717773, -138.68321228027344,
1066.572265625, 71.41191864013672, -52.34339141845703,
776.9038696289062, -68.91726684570312, -70.94697570800781,
1134.74951171875, 30.109529495239258, 94.22734069824219,
1060.83837890625, 30.427047729492188, 94.96253967285156,
1017.05224609375, 30.202171325683594, 94.20564270019531,
826.83837890625, 30.160932540893555, 94.40780639648438,
715.63037109375, 30.59394645690918, 94.47074890136719,
400.8260498046875, 31.15038299560547, 51.33518600463867,
558.142333984375, -12.877235412597656, -73.69446563720703,
1226.35595703125, 28.564449310302734, 83.79967498779297,
736.935546875, 28.45995330810547, 83.97183990478516,
625.119140625, 28.73666763305664, 83.26931762695312,
411.9268798828125, 81.90739440917969, -47.00483322143555,
763.18505859375, 66.71009063720703, -65.16455078125,
743.1728515625, 66.66304016113281, -65.24225616455078,
1350.947021484375, -42.466373443603516, -72.08865356445312,
409.3992919921875, -5.307340621948242, 119.93975830078125,
622.0386962890625, 66.62776184082031, -65.33280944824219,
566.9091796875, 66.78973388671875, -65.116455078125,
1145.2716064453125, -42.427852630615234, -72.36414337158203,
1032.6248779296875, -42.38739776611328, -72.3519058227539,
408.80859375, -14.679767608642578, 37.297157287597656,
509.871337890625, -68.08656311035156, -65.673583984375,
511.91357421875, -33.16619873046875, -70.12834930419922,
438.515625, -33.184112548828125, -70.07453918457031,
506.47119140625, -16.47873306274414, -67.77458190917969,
424.0947265625, -16.102434158325195, -67.83712768554688,
1163.5526123046875, 70.446533203125, -51.638694763183594,
409.83740234375, 36.37550354003906, 79.77174377441406,
1022.990966796875, 70.67854309082031, -51.900840759277344,
790.9866333007812, 70.40518188476562, -51.31397247314453,
435.5498046875, 49.794715881347656, 86.52025604248047,
746.37109375, 47.53610610961914, 13.661993980407715,
646.4788818359375, 47.507164001464844, 13.531604766845703,
653.831787109375, 61.03107452392578, -42.956298828125,
411.259765625, 59.365169525146484, -134.56394958496094,
550.3475952148438, 61.19561767578125, -42.57182693481445,
721.22509765625, 30.46917724609375, 80.0411605834961,
623.78125, 30.369386672973633, 80.00950622558594,
414.36328125, 30.263376235961914, 80.22599792480469,
447.489013671875, 49.49212646484375, -122.11009216308594,
406.59381103515625, 49.806400299072266, -122.49357604980469,
630.60791015625, 28.105201721191406, 86.73712158203125,
631.86474609375, -80.28485107421875, 158.1259765625,
410.6756591796875, 52.39607238769531, -126.38351440429688,
538.876220703125, 6.072781085968018, 116.5648422241211,
1124.1578369140625, 72.83150482177734, -26.7333927154541,
547.994873046875, -78.42699432373047, 158.30938720703125,
505.1416015625, 36.294029235839844, 78.781982421875,
500.24267578125, 36.733306884765625, 78.42112731933594,
425.109375, 36.28135681152344, 78.81497192382812,
414.7177734375, 36.329593658447266, 78.75119018554688,
1160.3406982421875, 73.11334228515625, -27.838502883911133,
546.7997436523438, 81.0503921508789, -62.06265640258789,
513.4544067382812, 81.09248352050781, -62.2477912902832,
713.1744384765625, 73.11381530761719, -27.70085334777832,
467.9105529785156, 81.0201187133789, -62.002628326416016,
634.8510131835938, 73.11785125732422, -27.6044864654541,
520.594970703125, 31.10761070251465, 101.67584991455078,
951.55078125, 42.09227752685547, 80.6031723022461,
742.06689453125, 42.079254150390625, 80.5548095703125,
655.14208984375, 42.0499382019043, 80.23661041259766,
649.088623046875, 42.169551849365234, 80.49442291259766,
630.75634765625, 42.26469039916992, 80.96546173095703,
604.74853515625, 42.27047348022461, 80.84446716308594,
520.5458374023438, 59.99151611328125, -44.05849838256836,
422.8920593261719, 59.9206657409668, -44.25674057006836,
638.45703125, -9.285920143127441, -77.05696868896484,
533.604736328125, -9.095747947692871, -77.67569732666016,
500.6854248046875, 68.2028579711914, 17.305490493774414,
535.94140625, 26.183948516845703, 102.80878448486328,
430.245849609375, 26.10181999206543, 102.74421691894531,
902.6275634765625, -62.65333557128906, -60.03522872924805,
836.0872802734375, -62.656585693359375, -60.13998031616211,
532.082275390625, 37.595054626464844, 70.99008178710938,
762.9050903320312, 61.85874557495117, 6.35377311706543,
626.70068359375, 61.74523162841797, 6.9644317626953125,
533.7645263671875, 53.00996398925781, -118.23869323730469,
633.69287109375, 36.725460052490234, 77.8086166381836,
612.372314453125, 26.22955322265625, 104.84967803955078,
526.380615234375, 20.490982055664062, 17.517677307128906,
509.047119140625, 20.722827911376953, 17.84958839416504,
603.708984375, 61.32023620605469, -141.81126403808594,
412.2410888671875, 20.4038143157959, 17.461395263671875,
509.982177734375, 61.32427215576172, -141.97779846191406,
409.344970703125, 20.519521713256836, 17.4925479888916,
413.947998046875, 61.32063293457031, -141.92092895507812,
655.674560546875, -73.4906997680664, 166.03118896484375,
625.8109741210938, 41.686946868896484, 72.69780731201172,
503.1558837890625, 43.34274673461914, 89.38569641113281,
430.6049499511719, 72.18760681152344, -78.96647644042969,
416.74609375, 62.57075119018555, -127.73548889160156,
413.47802734375, 62.12655258178711, -127.68022155761719,
402.20751953125, 62.0916862487793, -127.72406005859375,
608.256103515625, 50.88707733154297, -125.66519927978516,
404.15032958984375, 50.89616012573242, -125.97657775878906,
434.38885498046875, 16.668237686157227, -24.35659408569336,
809.0462646484375, 60.5380744934082, -139.76113891601562,
502.716796875, 60.91287612915039, -139.7862091064453,
1323.9091796875, 28.46835708618164, 84.01007080078125,
440.4374084472656, -19.60384750366211, -40.97816467285156,
742.7808837890625, 66.5576400756836, -36.640159606933594,
632.747802734375, 66.86773681640625, -36.694061279296875,
547.20556640625, 66.45116424560547, -36.30847930908203,
534.4727172851562, 72.04254913330078, -29.07950782775879,
637.6017456054688, 62.97640609741211, -49.646358489990234,
406.17510986328125, 4.764317989349365, -63.93878936767578,
519.9501953125, -49.58774948120117, 69.49576568603516,
409.80438232421875, -49.70061492919922, 69.89559173583984,
507.1220703125, 28.13823890686035, 92.56073760986328,
607.41748046875, 28.701736450195312, 95.92936706542969,
424.33447265625, 29.978492736816406, 80.87905883789062,
729.0336303710938, 73.14237976074219, -26.763986587524414,
507.7325744628906, 73.27452087402344, -26.415721893310547,
853.0308837890625, 71.15555572509766, -26.216711044311523,
627.903564453125, 71.4743881225586, -26.438819885253906,
522.063232421875, 5.883449554443359, -66.36035919189453,
439.6629638671875, 5.274825096130371, -66.97653198242188,
432.37109375, 50.59539031982422, -114.81637573242188,
1406.9033203125, 35.64630889892578, 76.31033325195312,
1180.60302734375, 35.39162063598633, 76.42242431640625,
1115.3603515625, 35.47227096557617, 76.55119323730469,
1113.140869140625, 35.38612747192383, 76.38986206054688,
1063.93310546875, 35.761295318603516, 76.11495208740234,
956.1396484375, 35.188941955566406, 76.80650329589844,
738.8009033203125, -68.98613739013672, -66.53105926513672,
404.3834228515625, 44.73265075683594, 6.459629058837891,
401.67681884765625, 29.304550170898438, 107.9313735961914,
453.81591796875, 0.7722615599632263, 115.08189392089844,
412.5363464355469, -19.58224105834961, -42.69366455078125,
847.4237670898438, -62.949241638183594, -62.416748046875,
515.800048828125, 64.40686798095703, -138.67758178710938,
748.24462890625, -8.736148834228516, -76.98151397705078,
418.2747802734375, 60.759666442871094, -141.53018188476562,
402.147705078125, 43.591033935546875, 17.655914306640625,
600.2808837890625, -71.97673034667969, 7.596624374389648,
542.9166259765625, -71.9300537109375, 7.221107482910156,
435.8277587890625, 67.24475860595703, 17.81308364868164,
504.73193359375, 28.10674476623535, 89.55326843261719,
622.449462890625, 28.38427734375, 101.87116241455078,
609.469482421875, 28.557239532470703, 101.77157592773438,
434.00830078125, 28.16179656982422, 101.31966400146484,
559.4190673828125, 35.23981475830078, 64.77495574951172,
416.0318603515625, 35.23279571533203, 64.43132019042969,
601.548828125, -8.929712295532227, -77.63892364501953,
539.0077514648438, 70.085693359375, -23.150691986083984,
1206.5726318359375, 60.819007873535156, -43.631622314453125,
1004.2235717773438, 60.59238052368164, -43.83374786376953,
617.02734375, 46.64228439331055, 12.347593307495117,
547.0733032226562, 81.81685638427734, -24.613431930541992,
415.3140563964844, 81.75692749023438, -24.764894485473633,
604.4405517578125, 46.297447204589844, 12.347207069396973,
602.828369140625, 46.232051849365234, 12.193197250366211,
545.7314453125, 46.27330017089844, 12.192639350891113,
547.16259765625, 37.6679573059082, 75.81922912597656,
512.806396484375, 37.86628341674805, 75.70013427734375,
506.62744140625, 37.5357666015625, 75.0462417602539,
402.91253662109375, 25.632488250732422, 107.21009063720703,
442.8361511230469, 9.629260063171387, -12.932589530944824,
839.96728515625, -4.324979782104492, 137.53326416015625,
710.693115234375, -4.169467449188232, 137.98687744140625,
529.72802734375, -4.179364204406738, 137.51773071289062,
1451.872802734375, -44.736053466796875, 167.76116943359375,
513.7392578125, -4.120281219482422, 137.6357421875,
431.83642578125, -4.325005531311035, 137.4542236328125,
934.3501586914062, -44.559139251708984, 167.9918670654297,
432.57879638671875, -70.46771240234375, -68.83099365234375,
622.9130859375, -43.27457809448242, 146.47665405273438,
425.656982421875, 65.9183349609375, -36.01634979248047,
429.296875, 25.275131225585938, 106.4113998413086,
408.29864501953125, 65.862060546875, -36.21586608886719,
951.784423828125, 27.783184051513672, 87.23572540283203,
852.2109375, 27.814483642578125, 87.22452545166016,
409.161865234375, 61.41947555541992, -6.761098861694336,
517.6895751953125, -74.88020324707031, 162.29168701171875,
603.673095703125, 59.763954162597656, -135.724609375,
403.705810546875, 1.9457143545150757, -65.4576644897461,
519.3294677734375, 73.06305694580078, -28.079532623291016,
512.086669921875, 73.07763671875, -28.273042678833008,
594.339111328125, -67.37480926513672, -65.32137298583984,
535.8220825195312, -67.537109375, -65.63548278808594,
801.0247192382812, 5.726665019989014, -74.05418395996094,
430.4896240234375, 59.21646499633789, -64.33981323242188,
539.8757934570312, -45.379554748535156, -72.79750061035156,
416.4488830566406, 59.051055908203125, -64.19561004638672,
410.8936767578125, -45.32282257080078, -72.7612075805664,
412.7701721191406, 59.64372253417969, -64.220458984375,
426.742919921875, 65.47527313232422, 143.0348358154297,
548.6834716796875, 61.15901184082031, -44.91840362548828,
401.6366882324219, 65.3531265258789, -64.85584259033203,
616.81787109375, 31.902301788330078, 78.74735260009766,
532.1396484375, 31.34801483154297, 78.5875473022461,
410.556640625, 31.454177856445312, 78.48435974121094,
1180.43798828125, -17.587230682373047, -149.49766540527344,
678.82177734375, -17.68231964111328, -149.3939208984375,
832.8558349609375, 43.602787017822266, 85.64469146728516,
425.2890625, 43.60048294067383, 85.31539154052734,
404.8179016113281, 80.19776153564453, -72.39134979248047,
620.9488525390625, -72.09480285644531, 24.616878509521484,
502.59820556640625, 27.454771041870117, 102.96553802490234,
816.044921875, 72.64698028564453, -55.79722213745117,
574.0884399414062, 72.76600646972656, -55.93731689453125,
664.520751953125, 42.486358642578125, 81.98917388916016,
400.8553466796875, 4.784670829772949, -76.48689270019531,
624.22216796875, -72.00658416748047, 4.476124286651611,
604.571044921875, -72.09600830078125, 4.354228973388672,
517.180908203125, -72.05907440185547, 4.162962913513184,
400.06243896484375, 36.00197219848633, 66.78866577148438,
905.33056640625, 33.101593017578125, 76.84347534179688,
704.96044921875, 33.56983947753906, 76.16608428955078,
650.72998046875, 33.676273345947266, 76.40544891357422,
605.80029296875, 33.31209945678711, 76.4407730102539,
1412.24560546875, 30.301572799682617, 95.02458953857422,
479.7734375, 33.58513641357422, 76.07612609863281,
420.51873779296875, 47.163970947265625, 10.919356346130371,
441.4573974609375, -5.640295505523682, 142.36065673828125,
544.194580078125, 17.171649932861328, 54.864837646484375,
500.9732666015625, 0.8592085838317871, -66.07483673095703,
409.0867919921875, 0.7649241089820862, -66.11380004882812,
508.7222900390625, -6.05253267288208, 146.88511657714844,
775.339599609375, 70.78706359863281, -72.00120544433594,
408.472900390625, 0.9812735319137573, -66.00970458984375,
615.4959716796875, 70.98857116699219, -72.03424835205078,
412.52825927734375, -26.346786499023438, -79.89256286621094,
409.6485595703125, 28.16610336303711, 67.07945251464844,
503.623779296875, -64.46978759765625, -61.38816833496094,
403.06597900390625, -64.6604232788086, -61.67564392089844,
701.8361206054688, 32.896080017089844, 48.742393493652344,
450.7647705078125, -72.43904113769531, 169.226318359375,
659.6591796875, 29.889524459838867, 93.96842193603516,
564.74609375, 81.00310516357422, -61.96196746826172,
412.144775390625, 81.80814361572266, -61.63758087158203,
838.2537841796875, -72.01573181152344, 2.827550172805786,
932.10693359375, 36.712188720703125, 74.11264038085938,
926.0, 36.679203033447266, 74.41514587402344,
618.3662109375, 36.32774353027344, 74.73606872558594,
601.07470703125, 36.83108139038086, 74.73355102539062,
590.20166015625, 36.445037841796875, 74.6854476928711,
953.373779296875, -67.68294525146484, -67.74148559570312,
564.935546875, 36.394588470458984, 74.66748046875,
546.0707397460938, 66.84782409667969, -34.073692321777344,
414.19427490234375, 66.8010025024414, -34.03533172607422,
989.4766845703125, -45.45417022705078, 167.10015869140625,
778.1099243164062, -45.41227722167969, 167.0663604736328,
816.2755737304688, 81.81578063964844, -50.36902618408203,
722.8743286132812, 81.69305419921875, -50.18351745605469,
638.6596069335938, -21.097091674804688, 55.620426177978516,
424.676513671875, -21.19455337524414, 55.51966857910156,
543.873291015625, 6.7682785987854, -72.07828521728516,
511.628662109375, 6.48724889755249, -72.11209106445312,
674.8773803710938, 69.72626495361328, 20.27825164794922,
608.8890380859375, 69.92050170898438, 20.344316482543945,
410.537841796875, 59.939029693603516, -149.33987426757812,
500.22796630859375, 64.34966278076172, -41.38361740112305,
733.9573974609375, 66.00125122070312, -51.93309020996094,
434.6890869140625, -51.21250915527344, -73.54977416992188,
553.2308959960938, 71.775146484375, -27.77198028564453,
405.7861328125, 43.25840377807617, 43.252403259277344,
428.66583251953125, 71.52371215820312, -27.936649322509766,
403.328857421875, 43.41167449951172, 43.20063400268555,
515.762939453125, 56.876956939697266, 117.71778869628906,
401.8505859375, 56.94964599609375, 117.8810043334961,
524.8505859375, 42.14141845703125, 79.89437866210938,
516.0224609375, 42.1937370300293, 79.96852111816406,
514.00732421875, 42.1038932800293, 79.82884979248047,
623.3232421875, 64.22634887695312, -51.315216064453125,
617.2210693359375, 64.1684799194336, -51.225257873535156,
565.050048828125, 64.23853302001953, -51.226043701171875,
517.9674072265625, 64.35035705566406, -51.173011779785156,
508.3708801269531, 64.65531921386719, -51.183712005615234,
703.0634765625, 37.11339569091797, 72.51106262207031,
641.109375, 37.1269645690918, 72.54740142822266,
500.3138427734375, 36.91571807861328, -118.78194427490234,
644.4231567382812, -83.81103515625, 171.6801300048828,
517.388671875, 36.736473083496094, 73.22966003417969,
512.14501953125, 36.60193634033203, 73.11778259277344,
425.55517578125, 36.841766357421875, 73.95608520507812,
425.53125, 36.86988830566406, 73.93428039550781,
431.9764099121094, 16.775142669677734, 53.649208068847656,
446.5362548828125, 59.90986251831055, -43.37253189086914,
444.6361083984375, -83.386962890625, 169.11279296875,
720.7935791015625, 71.54541778564453, -75.34341430664062,
514.2726440429688, 71.62709045410156, -75.0557861328125,
661.218994140625, 51.80786895751953, -116.66069030761719,
609.60205078125, 51.068389892578125, -116.16564178466797,
427.982177734375, 51.774620056152344, -116.21363830566406,
564.3886108398438, 22.691329956054688, 105.08660888671875,
1014.3786010742188, -72.51922607421875, 170.25164794921875,
749.5303955078125, -72.48342895507812, 170.27035522460938,
485.120361328125, -72.42790985107422, 170.258544921875,
406.414306640625, 46.90398025512695, 9.454046249389648,
429.2296142578125, -20.111543655395508, -43.43431854248047,
429.3416748046875, 66.54264068603516, -62.145057678222656,
406.46600341796875, 66.6672134399414, -62.261051177978516,
515.1829833984375, 61.47561264038086, -43.491207122802734,
619.425537109375, 18.055021286010742, -96.58570861816406,
412.1118469238281, 18.05626678466797, -96.64762878417969,
609.27490234375, 62.43497848510742, -152.73724365234375,
413.814697265625, 62.411434173583984, -152.70013427734375,
400.0343017578125, 62.83873748779297, -152.18536376953125,
440.774169921875, 61.052574157714844, 5.691175937652588,
909.6773681640625, 16.833065032958984, -93.06463623046875,
405.7677001953125, 61.79875183105469, 5.8089447021484375,
701.788818359375, 71.65775299072266, -74.93595123291016,
737.940185546875, 16.83945655822754, -93.1063461303711,
615.5361328125, 71.78057861328125, -74.62413024902344,
463.03338623046875, 71.72633361816406, -74.40868377685547,
425.9747314453125, 71.7259292602539, -74.9976577758789,
407.65899658203125, 71.46705627441406, -74.72879791259766,
503.724609375, 53.55403518676758, -128.06707763671875,
522.5514526367188, 68.03973388671875, 13.003894805908203,
461.26141357421875, 68.10210418701172, 13.077252388000488,
1037.96044921875, 62.94511795043945, -150.71795654296875,
938.2322998046875, 62.97173309326172, -150.6045379638672,
627.3594970703125, 25.064891815185547, -100.10124206542969,
441.055419921875, -46.46775436401367, 52.185081481933594,
732.7275390625, 28.32020378112793, 99.49208068847656,
530.8427734375, 28.304033279418945, 99.46446990966797,
416.484130859375, 28.330368041992188, 99.45147705078125,
527.11572265625, -5.069738864898682, 141.53419494628906,
526.2906494140625, -5.2717742919921875, 141.34466552734375,
432.1116943359375, -5.446808338165283, 141.59107971191406,
430.487548828125, -5.296392917633057, 141.7400360107422,
424.0955810546875, -5.210495471954346, 141.30543518066406,
417.4447021484375, -5.160885810852051, 141.29116821289062,
412.83837890625, 37.571800231933594, 97.99547576904297,
601.6708984375, 36.20921325683594, 72.41278839111328,
530.14453125, 36.59058380126953, 72.02433013916016,
462.41259765625, 36.26738357543945, 72.9755630493164,
408.359619140625, 31.997161865234375, 104.84241485595703,
405.3905944824219, -66.6279525756836, -66.39421844482422,
630.6007080078125, -66.63846588134766, -65.4226303100586,
542.610595703125, -66.54635620117188, -65.45350646972656,
532.307861328125, -66.74771118164062, -65.36873626708984,
606.404052734375, 81.77778625488281, -79.09078979492188,
407.30572509765625, 81.85071563720703, -79.26919555664062,
401.0226135253906, 67.30072784423828, -52.98788070678711,
622.3692016601562, 60.89059829711914, 7.034420013427734,
454.26519775390625, 60.96175003051758, 7.143408298492432,
413.1703796386719, 60.87062072753906, 7.279037952423096,
403.43450927734375, 60.99771499633789, 7.022326946258545,
408.293701171875, 32.59897232055664, 49.15809631347656,
661.2431640625, -71.57119750976562, 12.62578010559082,
553.3983154296875, -71.81309509277344, 12.033280372619629,
420.22998046875, -47.084693908691406, -71.72235107421875,
428.06982421875, -32.563926696777344, -69.89373779296875,
421.1650390625, -32.74992752075195, -69.88597869873047,
638.87109375, -63.719032287597656, -60.73708724975586,
637.3237915039062, -63.786346435546875, -60.798439025878906,
925.840087890625, -84.69099426269531, 174.9250030517578,
440.3485107421875, 76.40960693359375, -25.715167999267578,
911.9542236328125, -11.446983337402344, -73.73521423339844,
438.9039306640625, 66.55880737304688, -35.7403564453125,
437.627685546875, 66.94873809814453, -35.53599166870117,
412.76202392578125, 66.39043426513672, -35.92601776123047,
403.4380798339844, 66.30490112304688, -35.75044250488281,
439.08154296875, -71.84974670410156, 5.385652542114258,
436.8524169921875, -71.90751647949219, 5.508993625640869,
650.8399047851562, 66.00686645507812, -53.141151428222656,
640.5670166015625, 66.12836456298828, -53.03105163574219,
729.2774658203125, -71.99002838134766, 4.807514190673828,
605.585205078125, -71.94671630859375, 4.475459098815918,
567.3470458984375, 61.878536224365234, -127.62319946289062,
621.2963256835938, 70.87234497070312, -52.073585510253906,
716.871337890625, 76.33526611328125, -62.49481964111328,
551.8753051757812, 70.93229675292969, -52.097930908203125,
513.5341186523438, 70.89570617675781, -52.13063430786133,
463.6259765625, 70.95252227783203, -52.26871109008789,
445.1479797363281, 66.45452880859375, -22.412872314453125,
514.34033203125, 39.06285858154297, 71.44754028320312,
416.2373046875, 39.52793884277344, 71.07244873046875,
517.5880126953125, -73.93952178955078, -61.6931037902832,
951.73974609375, 38.21736145019531, 75.1579818725586,
624.78662109375, 38.92095947265625, 75.14187622070312,
471.39697265625, 38.292564392089844, 75.06461334228516,
1008.544921875, 35.038124084472656, 77.15001678466797,
507.605712890625, 35.008792877197266, 77.35303497314453,
402.22119140625, 41.692115783691406, 78.8646469116211,
421.6865234375, 57.891685485839844, -125.02743530273438,
405.0859375, -40.44395065307617, -71.89447784423828,
886.6420288085938, -66.79399108886719, 163.20632934570312,
400.4808349609375, 65.84428405761719, 140.6642608642578,
417.11529541015625, 22.723724365234375, 104.33868408203125,
433.50286865234375, 69.52313995361328, -24.883512496948242,
757.1458740234375, -69.47444152832031, -71.64112854003906,
448.4075012207031, -81.93646240234375, 162.74603271484375,
630.75634765625, -78.40508270263672, -86.01103973388672,
600.29052734375, -78.21710968017578, -86.12215423583984,
513.48876953125, 70.01116943359375, -69.8406982421875,
1036.83154296875, 39.175018310546875, 68.93112182617188,
738.501220703125, 39.20478820800781, 68.28919219970703,
403.4610595703125, 67.64009094238281, 16.107051849365234,
501.9461669921875, 47.14522933959961, 9.23814582824707,
400.0181884765625, 54.47936248779297, -120.59869384765625,
520.791748046875, 35.931705474853516, 66.0770263671875,
514.8525390625, 35.795379638671875, 66.97651672363281,
440.59326171875, 35.21582794189453, 66.51964569091797,
407.5142822265625, -64.40249633789062, -60.2508544921875,
626.961669921875, 37.99540710449219, 71.2701416015625,
516.94384765625, 37.01852798461914, 71.70890045166016,
712.25439453125, 36.246463775634766, 71.81112670898438,
545.75830078125, 36.25818634033203, 71.4446029663086,
506.0146484375, 36.373619079589844, 71.85545349121094,
444.74560546875, 36.501773834228516, 71.6114273071289,
1223.2293701171875, -47.637691497802734, -72.34321594238281,
440.9775390625, 36.49788284301758, 71.67028045654297,
727.263427734375, 69.13825988769531, -68.87068176269531,
457.84381103515625, 67.95062255859375, 12.915011405944824,
512.0637817382812, -49.14664840698242, 68.81309509277344,
652.2783203125, 69.16500091552734, -68.34695434570312,
501.9226379394531, -49.17660140991211, 68.78587341308594,
648.8997192382812, 69.2994384765625, -68.37602996826172,
530.05078125, 30.061676025390625, 82.2762222290039,
502.9208984375, 35.9159049987793, 70.83636474609375,
440.91259765625, 35.74583053588867, 70.37115478515625,
407.200439453125, 27.748947143554688, 100.28685760498047,
1129.57177734375, -71.61616516113281, 170.62960815429688,
936.10302734375, -71.58783721923828, 170.55804443359375,
406.630126953125, 51.33826446533203, -117.4912109375,
402.597900390625, 51.96736145019531, -117.0842514038086,
445.2431640625, 30.308866500854492, 67.68697357177734,
440.29248046875, 43.778255462646484, 84.47325134277344,
1001.4979248046875, 67.85455322265625, -66.32121276855469,
421.4853515625, 43.75466537475586, 84.99945831298828,
623.672607421875, 67.82037353515625, -66.24444580078125,
510.8924560546875, 67.4875717163086, -66.13285064697266,
443.1302490234375, 67.71623229980469, -66.31295013427734,
936.5574340820312, -49.055728912353516, -74.76407623291016,
453.2204895019531, -50.55976486206055, 166.10116577148438,
904.95751953125, 27.68445587158203, 88.19384765625,
720.966796875, 27.880420684814453, 88.08755493164062,
712.9365234375, 27.69052505493164, 88.05419921875,
702.949951171875, 27.641958236694336, 88.383056640625,
465.936279296875, 27.585084915161133, 88.32767486572266,
437.61328125, 27.57221221923828, 88.1524887084961,
539.0278930664062, -70.04270935058594, -67.76278686523438,
429.195068359375, -16.83975601196289, -66.37578582763672,
503.0007019042969, 81.251953125, -56.9697151184082,
403.544921875, 81.21585845947266, -56.8727912902832,
503.89703369140625, 32.84629821777344, -17.220029830932617,
415.723876953125, 53.090755462646484, -119.09278106689453,
438.90228271484375, 58.65171813964844, 6.324490547180176,
408.53765869140625, 58.98343276977539, 6.186593532562256,
432.097900390625, 41.989601135253906, 80.75262451171875,
520.3223876953125, -33.65616226196289, -78.85107421875,
402.568359375, 32.95600891113281, 63.94017028808594,
751.6653442382812, 82.17760467529297, -44.561866760253906,
740.5507202148438, 82.17938995361328, -44.06839370727539,
400.9473876953125, 42.58777618408203, 42.601253509521484,
411.9052734375, 68.72142028808594, -26.870342254638672,
536.2646484375, 47.54237747192383, 12.93159008026123,
411.096923828125, 47.519161224365234, 12.997666358947754,
766.1845703125, -44.10626983642578, 169.00643920898438,
416.2484130859375, -44.13029479980469, 169.05543518066406,
469.6292724609375, 5.177886486053467, -61.956295013427734,
740.389404296875, 63.01824951171875, -150.9063720703125,
833.5426635742188, 70.71856689453125, -71.42205810546875,
833.043212890625, 70.78679656982422, -71.99884033203125,
814.8557739257812, 70.93207550048828, -71.42134857177734,
517.3150024414062, 25.972503662109375, 56.183921813964844,
509.23419189453125, 72.05218505859375, -75.98518371582031,
441.4206237792969, 72.09796905517578, -75.79154205322266,
929.03076171875, 63.54214096069336, -146.44873046875,
557.8367309570312, 77.39225769042969, -19.965425491333008,
410.205322265625, 49.96964645385742, -114.65969848632812,
513.792724609375, 57.02665710449219, 117.42320251464844,
438.9998779296875, 57.07842254638672, 117.54153442382812,
415.46148681640625, -77.07037353515625, -145.62301635742188,
408.4296875, 39.34304428100586, 74.01402282714844,
1110.990234375, -78.41228485107422, -85.98609161376953,
1038.066650390625, -78.43861389160156, -85.8756332397461,
1403.0352783203125, -63.00712966918945, -62.58739471435547,
782.6861572265625, -63.06412124633789, -62.66862487792969,
605.889892578125, 43.60710906982422, 86.01495361328125,
417.2410888671875, 42.56590270996094, 46.31258773803711,
400.92626953125, 43.53215789794922, 86.10395812988281,
950.58203125, 59.021690368652344, -137.47512817382812,
414.5047607421875, 42.608760833740234, 46.07830047607422,
425.571533203125, 27.606380462646484, 103.28933715820312,
413.97808837890625, -6.620485305786133, 144.57345581054688,
870.2310180664062, 72.03376007080078, -53.53044128417969,
836.3812255859375, -49.75674057006836, -73.0261001586914,
749.197265625, -71.90129089355469, 6.047885894775391,
747.65869140625, -71.76448059082031, 6.913231372833252,
719.84033203125, -71.88534545898438, 6.565701007843018,
695.584716796875, -71.8752670288086, 6.658144950866699,
419.1913146972656, 28.86446189880371, 107.70225524902344,
412.5146484375, -47.31686782836914, -74.29640197753906,
421.4111328125, 69.98319244384766, 21.42915153503418,
1046.94677734375, -46.539546966552734, -73.39398193359375,
708.925048828125, -46.54370880126953, -73.06133270263672,
503.511474609375, -71.86296081542969, 8.333433151245117,
400.557373046875, 31.622770309448242, 79.36849975585938,
442.78515625, 28.064855575561523, 100.62360382080078,
405.11181640625, -71.91554260253906, 8.838138580322266,
531.2218017578125, 52.47922897338867, -127.66502380371094,
405.588134765625, 49.18146514892578, -121.66707611083984,
406.180908203125, -22.209674835205078, 46.95301055908203,
437.2105712890625, -8.21789836883545, 146.73895263671875,
603.96435546875, -34.760032653808594, -69.97667694091797,
456.0369567871094, -60.72168731689453, -45.21351623535156,
413.49468994140625, -60.649192810058594, -45.382076263427734,
458.4482421875, 31.20406723022461, 102.89523315429688,
717.047119140625, 34.976600646972656, 76.7743911743164,
504.4697265625, 34.226783752441406, 76.78265380859375,
918.2412109375, 28.3001651763916, 97.54914093017578,
649.8067626953125, 28.569841384887695, 97.07257080078125,
422.88104248046875, 22.120464324951172, 103.3114013671875,
500.258056640625, 37.79901885986328, 35.2545166015625,
710.6143188476562, 82.38874053955078, -40.49972915649414,
602.8604736328125, 82.46763610839844, -40.38633346557617,
452.102294921875, 35.01582717895508, 65.3543472290039,
412.31884765625, 35.05973815917969, 65.87055969238281,
433.93017578125, 56.89663314819336, -131.4694061279297,
400.033447265625, 58.292781829833984, -125.48650360107422,
441.28271484375, 48.651336669921875, -113.63665771484375,
402.80126953125, 48.414039611816406, -113.5115966796875,
516.3828125, -41.14076614379883, -72.02351379394531,
606.625244140625, 2.8155570030212402, -76.95643615722656,
420.301513671875, 63.353126525878906, -127.66970825195312,
523.70751953125, 41.04219055175781, 77.35330963134766,
418.359375, 41.08576202392578, 77.70500946044922,
534.3295288085938, 51.259559631347656, -126.21247863769531,
424.9588623046875, 51.16351318359375, -126.1067123413086,
403.4206848144531, 51.167171478271484, -126.46151733398438,
516.211669921875, 81.29548645019531, -57.129783630371094,
454.97698974609375, 81.22776794433594, -57.035118103027344,
413.011474609375, 60.85017395019531, -153.27882385253906,
401.6656494140625, 60.753841400146484, -153.67654418945312,
1156.8958740234375, -73.59053039550781, 169.70401000976562,
618.0082397460938, 72.48413848876953, -27.00552749633789,
501.2025146484375, 72.72566223144531, -27.0040340423584,
669.9525146484375, 61.257476806640625, 7.7663702964782715,
630.8341064453125, 61.53056335449219, 7.737253665924072,
509.08074951171875, 61.295047760009766, 7.72225284576416,
639.22509765625, 38.97080993652344, 72.04035949707031,
567.3016967773438, 80.61395263671875, -71.60999298095703,
927.097412109375, -50.942115783691406, -72.98181915283203,
458.151123046875, -5.680424213409424, 144.02247619628906,
629.0419311523438, 66.21987915039062, -37.312095642089844,
533.9346923828125, 66.43124389648438, -37.21452713012695,
629.9017333984375, 50.378807067871094, -124.3530502319336,
531.6934814453125, 50.83697509765625, -124.4815673828125,
531.3344116210938, 50.71910095214844, -124.62451934814453,
501.91583251953125, 50.668514251708984, -124.50146484375,
454.42529296875, 50.69145202636719, -124.30548095703125,
523.35693359375, 52.213191986083984, -117.30833435058594,
515.93603515625, 52.401039123535156, -117.74325561523438,
430.9306640625, 52.33696365356445, -117.52965545654297,
411.964111328125, 33.084285736083984, 63.924076080322266,
618.3673706054688, 57.13093185424805, -132.47760009765625,
501.066650390625, 57.0063362121582, -132.5347900390625,
619.4620361328125, 45.99646759033203, 10.908037185668945,
915.3717041015625, 37.7299919128418, -119.6363525390625,
638.29150390625, 37.74486541748047, -119.53621673583984,
1113.20556640625, 63.45242691040039, -42.00414276123047,
812.766357421875, 63.0555534362793, -42.54022979736328,
738.355224609375, 63.02396774291992, -42.90119934082031,
416.23553466796875, -79.18937683105469, 160.4088897705078,
429.1134033203125, -7.286157131195068, -78.73005676269531,
538.0341796875, 26.689228057861328, -107.06565856933594,
543.08349609375, -73.57643127441406, 66.68204498291016,
510.50201416015625, -73.54032897949219, 66.93708038330078,
422.0455322265625, 26.656288146972656, -107.17912292480469,
420.47216796875, -73.64667510986328, 66.58716583251953,
406.497314453125, -73.50739288330078, 66.8893814086914,
428.01446533203125, -0.3533915877342224, 100.15988159179688,
919.4609985351562, 63.55083084106445, -41.460899353027344,
745.654296875, -44.441123962402344, -72.5147933959961,
710.1792602539062, 63.4549674987793, -41.99924087524414,
649.5233154296875, 63.46165084838867, -41.8599853515625,
734.1041870117188, -44.146305084228516, -72.33989715576172,
647.447509765625, 63.706787109375, -41.53861999511719,
581.2164306640625, 63.51063919067383, -41.53997039794922,
634.859619140625, -44.272884368896484, -72.38574981689453,
410.5155029296875, 5.218592166900635, -60.58904266357422,
637.4019775390625, 67.54768371582031, -65.02205657958984,
621.6051635742188, 67.65595245361328, -65.96446228027344,
620.451416015625, 67.1771469116211, -65.19483947753906,
614.5299072265625, 67.5186996459961, -65.99121856689453,
841.117431640625, -67.38050842285156, -66.56129455566406,
814.1284790039062, -67.42976379394531, -66.70487213134766,
643.3171997070312, -67.30994415283203, -66.65335845947266,
514.03466796875, 69.21549224853516, 19.936800003051758,
826.3966064453125, 47.38258743286133, 11.535378456115723,
551.0738525390625, 47.42496871948242, 11.525117874145508,
413.5579833984375, 61.988067626953125, -49.38023376464844,
404.3612060546875, 42.65131378173828, -0.037095408886671066,
445.29656982421875, 80.24523162841797, -69.94798278808594,
414.96124267578125, 80.41293334960938, -69.34333038330078,
609.9547119140625, 65.99889373779297, -51.93779754638672,
427.0227966308594, -18.355161666870117, -41.33357620239258,
415.5369873046875, -18.507335662841797, -41.168212890625,
725.4722900390625, -64.92117309570312, -62.8258056640625,
669.1826171875, -64.7753677368164, -62.682010650634766,
420.3023681640625, -70.50962829589844, 159.7470703125,
672.18212890625, -51.99986267089844, -74.76317596435547,
505.426025390625, 41.932395935058594, 71.67547607421875,
504.833251953125, 41.84006881713867, 71.43012237548828,
432.258056640625, 41.80451583862305, 71.44010162353516,
405.105712890625, 41.79204559326172, 71.37085723876953,
451.5660400390625, 1.2547534704208374, 117.28268432617188,
417.169677734375, -34.98146438598633, -70.02979278564453,
648.2501831054688, -50.860626220703125, -74.54358673095703,
436.8360900878906, -50.56435012817383, -74.04084014892578,
412.292236328125, -34.725982666015625, -70.38990783691406,
421.9322204589844, -50.03316116333008, -74.18022155761719,
635.133544921875, 39.8355827331543, 72.09187316894531,
420.2919616699219, 68.12776947021484, -66.73715209960938,
615.10400390625, 39.784271240234375, 72.14764404296875,
449.20263671875, 39.11030578613281, 72.15985107421875,
400.69287109375, 45.46792221069336, 5.925715446472168,
420.49755859375, 29.189136505126953, 92.37017822265625,
456.6954345703125, 7.418591499328613, 40.072078704833984,
428.42333984375, -4.434749126434326, 138.4966278076172,
523.3056640625, -33.66842269897461, 19.17562484741211,
428.32177734375, -4.150743007659912, 138.2461395263672,
417.91790771484375, -33.62540054321289, 19.173025131225586,
413.87701416015625, -33.457672119140625, 19.51625633239746,
502.3179931640625, -20.997827529907227, 55.47491455078125,
502.158447265625, 6.053632736206055, -73.88737487792969,
447.8526916503906, 60.650596618652344, -42.897499084472656,
416.497314453125, 20.748037338256836, -99.5335464477539,
1193.121826171875, -33.78395080566406, -80.80455780029297,
818.3662109375, -69.96823120117188, -69.59780883789062,
582.4803466796875, -69.78974151611328, -69.90006256103516,
412.23870849609375, 82.44679260253906, -42.38947677612305,
729.8063354492188, 67.79804229736328, -33.59256362915039,
647.978515625, 67.01835632324219, -33.851905822753906,
610.1538696289062, 67.37177276611328, -33.70689010620117,
508.7302551269531, 76.27796173095703, -20.837665557861328,
401.426513671875, -8.039752960205078, 113.57164001464844,
671.4437255859375, 69.8620376586914, -70.25529479980469,
402.9739990234375, 63.194305419921875, -144.44992065429688,
505.191650390625, 27.90479850769043, 98.28138732910156,
643.3521728515625, -43.796607971191406, 169.60226440429688,
530.0928955078125, -43.67706298828125, 169.86476135253906,
538.60986328125, 80.98643493652344, -61.912322998046875,
1236.66455078125, 71.6186294555664, -51.758602142333984,
536.15380859375, 33.68114471435547, 77.14822387695312,
523.83447265625, -11.122241020202637, -75.6698226928711,
1049.8349609375, 36.32859802246094, 75.18795776367188,
536.7764892578125, 72.18119812011719, -25.916893005371094,
515.256591796875, 72.16246032714844, -25.8328800201416,
671.98193359375, 36.22044372558594, 75.09652709960938,
504.9130859375, 72.05984497070312, -25.8167781829834,
629.30078125, 36.20234680175781, 75.26333618164062,
526.234375, 36.28874969482422, 75.708251953125,
479.791015625, 36.07236099243164, 75.08341979980469,
400.63623046875, 36.359500885009766, 75.6091079711914,
744.5570068359375, 71.03396606445312, -72.1298828125,
422.41357421875, 71.33487701416016, -72.25238037109375,
504.367431640625, 69.04473876953125, -27.46687126159668,
502.04791259765625, 69.91011810302734, -27.23965072631836,
403.3203125, 29.691802978515625, 94.9932861328125,
400.7960205078125, 69.88337707519531, -27.97475242614746,
437.89453125, 42.85868835449219, -109.302490234375,
709.9603271484375, 71.4795913696289, -50.992950439453125,
533.2037963867188, 62.71677017211914, -41.938724517822266,
419.3880920410156, -3.3932852745056152, 134.0702362060547,
934.723388671875, 50.5767707824707, -115.1522216796875,
422.5148620605469, 68.01789855957031, 12.975314140319824,
759.5470581054688, 70.03350067138672, -28.241172790527344,
638.412109375, 70.00202178955078, -28.37728500366211,
504.521484375, 36.20109176635742, -113.06157684326172,
404.9283447265625, -54.25843811035156, -70.76348876953125,
403.49774169921875, -54.38037872314453, -70.36610412597656,
533.5296020507812, -41.1422119140625, -71.96389770507812,
623.89453125, -80.4802017211914, 156.45611572265625,
529.578125, -80.45854187011719, 156.61920166015625,
404.0669250488281, 17.156049728393555, -25.188695907592773,
405.78173828125, 48.93388748168945, -114.0049057006836,
553.6005859375, 62.59343719482422, -43.10142517089844,
551.0699462890625, 62.52685546875, -43.21388626098633,
541.6895751953125, 62.56313705444336, -43.26955032348633,
505.5845947265625, 62.819236755371094, -43.10375213623047,
513.0048828125, 35.441917419433594, 69.972900390625,
410.92822265625, 35.983097076416016, 69.9597396850586,
404.40625, -15.042078018188477, -73.3407974243164,
515.1741943359375, 71.32701873779297, -73.41322326660156,
464.59716796875, 71.51815795898438, -73.85330963134766,
437.0538330078125, 71.00686645507812, -73.95909118652344,
418.82830810546875, 71.3471908569336, -73.52236938476562,
738.6658325195312, -61.46067428588867, -55.5355224609375,
604.0910034179688, -61.259300231933594, -55.263851165771484,
605.1610107421875, 38.57965087890625, -107.73054504394531,
420.7113037109375, -72.1563949584961, 25.522123336791992,
441.9227294921875, 28.045047760009766, 103.25584411621094,
504.68988037109375, 5.7133002281188965, -59.95169448852539,
412.2996826171875, 5.701131343841553, -59.977333068847656,
432.20947265625, 42.59727478027344, 82.73029327392578,
429.120849609375, 42.47410583496094, 82.17793273925781,
679.013671875, 43.78350067138672, 88.33441925048828,
409.56982421875, 26.798892974853516, 106.10327911376953,
548.4163818359375, -54.61862564086914, -69.82853698730469,
515.526611328125, -54.66563415527344, -69.6777114868164,
481.2208251953125, -54.56828689575195, -69.75173950195312,
413.1211242675781, -54.78772735595703, -69.59264373779297,
404.0301208496094, -54.820194244384766, -69.08628845214844,
434.105712890625, 4.9244184494018555, -73.30511474609375,
440.1489562988281, 67.44518280029297, 15.03852653503418,
415.5513916015625, 67.45907592773438, 15.288978576660156,
402.786865234375, 27.864702224731445, 90.06119537353516,
807.713134765625, -9.170553207397461, -76.55310821533203,
439.690673828125, -9.125234603881836, -76.86600494384766,
1126.1484375, -48.551395416259766, -73.13728332519531,
750.0818481445312, -48.53288269042969, -73.87193298339844,
625.42724609375, -48.51876449584961, -73.15644073486328,
812.627685546875, 34.18196487426758, 103.50686645507812,
536.998779296875, 34.27759552001953, 103.29313659667969,
487.9462890625, 34.20077133178711, 103.41017150878906,
402.4888916015625, -63.95058822631836, -59.79659652709961,
402.485595703125, 39.98992156982422, 20.80767250061035,
609.076416015625, 69.16278076171875, 17.07599449157715,
534.9864501953125, 69.4844970703125, 17.42668914794922,
403.7513427734375, -9.747215270996094, 34.34724807739258,
619.642578125, 68.57955169677734, -31.90181541442871,
421.698974609375, 68.07788848876953, -31.037607192993164,
825.315673828125, 70.74952697753906, -50.953575134277344,
562.5028076171875, 70.6311264038086, -50.95942687988281,
446.01373291015625, 18.77875518798828, 102.13859558105469,
532.3906860351562, 43.19532012939453, -4.926022529602051,
539.0023193359375, 27.411087036132812, 55.131591796875,
1028.5150146484375, -69.1744613647461, -70.2386703491211,
943.475830078125, -69.07254028320312, -70.68559265136719,
548.8671875, 61.62631607055664, -153.84378051757812,
429.707763671875, 61.37321090698242, -153.67068481445312,
714.4456787109375, 68.92532348632812, -28.22261619567871,
551.4144897460938, 60.85211944580078, 6.814022064208984,
420.7557373046875, 46.426570892333984, 13.699396133422852,
532.8943481445312, 60.843257904052734, 6.73626708984375,
515.6334838867188, 60.10743713378906, 6.73875617980957,
470.85064697265625, 60.95452880859375, 6.998309135437012,
459.6925048828125, 60.89456558227539, 6.848484516143799,
809.4705810546875, 70.4443130493164, -70.64479064941406,
631.5883178710938, 70.70046997070312, -70.65941619873047,
506.7601318359375, 70.62571716308594, -70.9873046875,
641.7344360351562, 73.38070678710938, -25.477474212646484,
431.055908203125, 49.86094665527344, -115.10128784179688,
1102.9599609375, 30.367897033691406, 79.99534606933594,
1020.13037109375, 30.502117156982422, 79.92475891113281,
809.822265625, 30.724809646606445, 79.70643615722656,
453.05908203125, 29.059982299804688, 97.99369812011719,
809.2744140625, 30.87252426147461, 79.1297378540039,
556.39990234375, 30.366943359375, 79.95713806152344,
649.0966796875, 35.38017654418945, 67.44281005859375,
528.7275390625, 35.33824920654297, 67.58519744873047,
450.90234375, 35.704933166503906, 67.11734771728516,
507.8114013671875, 61.630889892578125, -142.25843811035156,
539.3543090820312, -49.708587646484375, 70.01265716552734,
415.978271484375, 61.29593276977539, -142.02462768554688,
423.9318542480469, -49.693870544433594, 70.16736602783203,
1209.91943359375, -43.09770584106445, -72.23554229736328,
602.1796875, 39.59541702270508, 69.98814392089844,
409.41845703125, 39.578269958496094, 69.91444396972656,
401.12274169921875, -5.91493034362793, -76.64195251464844,
534.486572265625, -73.620361328125, 68.37186431884766,
924.6470336914062, -47.444026947021484, -73.95294952392578,
762.9705810546875, -47.23679733276367, -73.9830322265625,
725.8004150390625, -47.12944412231445, -73.94400024414062,
438.5906982421875, 58.53525161743164, -134.4905242919922,
511.24658203125, 29.76618194580078, 82.74446868896484,
502.72607421875, 29.85869598388672, 82.70622253417969,
480.6865234375, 29.584217071533203, 82.64557647705078,
422.6904296875, 29.37352180480957, 82.6469497680664,
471.61639404296875, -50.86899185180664, 165.93307495117188,
535.0140991210938, 50.335811614990234, -123.77533721923828,
509.114990234375, 50.23258972167969, -123.88923645019531,
408.6741943359375, 50.57083511352539, -123.89468383789062,
424.78021240234375, 61.685768127441406, -48.53902053833008,
410.55621337890625, 61.94145965576172, -48.885719299316406,
624.392578125, 27.581531524658203, 56.71425247192383,
615.964111328125, 27.880615234375, 56.32399368286133,
1117.081787109375, -4.018314361572266, 136.79147338867188,
824.1533203125, -4.062276363372803, 136.4364013671875,
710.7534790039062, -4.194230079650879, 136.6132354736328,
734.04541015625, 41.44329833984375, 70.19268798828125,
416.90234375, 62.9042854309082, -151.5211944580078,
413.2389831542969, -69.30979919433594, -67.20050811767578,
522.7337646484375, 22.643211364746094, 59.21469497680664,
519.0997924804688, 22.597564697265625, 59.25806427001953,
506.8968505859375, 22.729406356811523, 59.165218353271484,
425.1025390625, 22.766128540039062, 59.2144775390625,
1063.858642578125, 30.35863494873047, 98.95306396484375,
509.159912109375, 37.255863189697266, -112.96633911132812,
520.08447265625, 30.068628311157227, 97.35848999023438,
425.00836181640625, 18.237089157104492, 104.88861846923828,
401.40966796875, 18.280372619628906, 104.80335235595703,
1247.721923828125, -7.1426100730896, -77.80572509765625,
519.0277099609375, 9.296475410461426, -73.27361297607422,
631.5009765625, -7.218475341796875, -77.80188751220703,
447.4818115234375, 9.918099403381348, -73.0154037475586,
748.378662109375, 70.0318832397461, -27.559032440185547,
632.8963623046875, 70.07827758789062, -27.0428524017334,
1118.3760986328125, 60.110023498535156, -44.49812316894531,
534.6949462890625, 55.5556640625, -130.53115844726562,
1091.2884521484375, 60.38944625854492, -44.460182189941406,
447.8192138671875, 55.613075256347656, -130.68173217773438,
732.8623046875, 38.15180206298828, 71.72337341308594,
653.80908203125, 38.16978073120117, 71.75088500976562,
608.6572265625, 38.57768249511719, 71.50936889648438,
563.3818359375, 38.55774688720703, 71.5567398071289,
427.279052734375, 52.57050704956055, -116.8392333984375,
408.53955078125, 52.01335525512695, -116.95125579833984,
527.8335571289062, 51.10952377319336, -125.72882080078125,
432.6390380859375, 51.13401794433594, -125.93492889404297,
424.49072265625, 51.04330062866211, -125.79533386230469,
421.40673828125, 51.16651153564453, -125.98814392089844,
430.56103515625, 36.153507232666016, 70.89999389648438,
422.5224609375, 36.188941955566406, 70.97244262695312,
410.166015625, 57.85624313354492, -61.8875617980957,
942.6548461914062, 64.30237579345703, -50.99343490600586,
919.4609985351562, 64.27705383300781, -50.77332305908203,
528.4619140625, -10.989925384521484, -75.5027084350586,
642.7977294921875, -44.67823028564453, 168.0432586669922,
541.1751708984375, -44.297996520996094, 168.7322540283203,
444.63818359375, -44.640811920166016, 168.03379821777344,
608.1512451171875, 61.164833068847656, -152.42840576171875,
546.5048828125, -64.29203796386719, -57.65010452270508,
445.7054748535156, -64.26920318603516, -57.54384231567383,
436.7214660644531, -64.28976440429688, -57.80995178222656,
409.6219482421875, -44.985008239746094, -73.25404357910156,
514.6787109375, 35.91981887817383, -113.73878479003906,
416.445556640625, 35.77671432495117, -113.50392150878906,
414.21875, 35.82909393310547, -113.54756164550781,
406.2052001953125, 35.802223205566406, -113.53656005859375,
621.2446899414062, -83.01725006103516, 167.18551635742188,
755.9140625, 29.278636932373047, 103.02680969238281,
